"","model_id","energy_score","brier_score_point","brier_score_dist","n","interval_coverage_50","interval_coverage_90"
"1","CADPH-CATaLog",NA,0.340435527678695,NA,1712,NA,NA
"2","CADPH-CATaMaran",NA,0.318552182998708,NA,375,NA,NA
"3","Hub-baseline",1.47559847299875,0.340427914165045,0.349178117702344,34977,0.784640054653623,0.906870605649439
"4","Hub-ensemble",1.1551434183498,0.243089185886352,0.268191295924258,7132,0.889348622768649,0.965047089884541
"5","LANL-CovTransformer",NA,0.463918096526813,NA,30635,NA,NA
"6","UGA-multicast",1.55310711343954,0.347705868348848,0.354354960613918,32549,0.798624133816023,0.884706023927236
"7","UMass-HMLR",1.39698625296396,0.332779254269864,0.346824998484309,34117,0.780360451406434,0.908771264948627
"8","blab-gisaid_hier_mlr",1.51594374765806,0.223383616662039,0.228266469633397,3633,0.717200674536256,0.880775716694772
